{"cameraMode":{"drawMode":0,"name":"Shaded","section":"Shading Mode"},"sceneLighting":true,"audioPlay":false,"sceneViewState":{"m_AlwaysRefresh":false,"showFog":true,"showSkybox":true,"showFlares":true,"showImageEffects":true,"showParticleSystems":true,"showVisualEffectGraphs":true,"m_FxEnabled":true},"in2DMode":false,"pivot":{"x":-0.8709707856178284,"y":-11.625557899475098,"z":-0.9929679036140442},"rotation":{"x":0.6817489266395569,"y":0.021732252091169359,"z":-0.018630899488925935,"w":0.7313057780265808},"size":14.2210054397583,"orthographic":false}