{"cameraMode":{"drawMode":0,"name":"Shaded","section":"Shading Mode"},"sceneLighting":false,"audioPlay":false,"sceneViewState":{"m_AlwaysRefresh":false,"showFog":true,"showSkybox":false,"showFlares":true,"showImageEffects":true,"showParticleSystems":true,"showVisualEffectGraphs":true,"m_FxEnabled":true},"in2DMode":false,"pivot":{"x":0.17261594533920289,"y":0.5607695579528809,"z":-3.381383180618286},"rotation":{"x":0.11620703339576721,"y":0.8342466354370117,"z":-0.19251516461372376,"w":0.5034568905830383},"size":1.7892091274261475,"orthographic":false}